,CS,P2P
10,1132.799714,1048.830252
20,1078.575704,1043.02129
30,1071.039282,1043.02129
40,1111.714844,1068.988571
50,1098.836589,1161.218713
60,1135,1240
